[
  {
    "title": "n9o.xyz",
    "url": "https://n9o.xyz",
    "tags": [
      "Personal site",
      "Theme author"
    ]
  },
  {
    "title": "madoke.org",
    "url": "https://madoke.org/",
    "tags": [
      "Personal site"
    ]
  },
  {
    "title": "code-chimp.com",
    "url": "https://code-chimp.com",
    "tags": [
      "Personal site"
    ]
  },
  {
    "title": "mucahitkurtlar.github.io",
    "url": "https://mucahitkurtlar.github.io",
    "tags": [
      "Personal site"
    ]
  },
  {
    "title": "brendanwallace.github.io",
    "url": "https://brendanwallace.github.io",
    "tags": [
      "Personal site"
    ]
  },
  {
    "title": "cuttontail.blog",
    "url": "https://cuttontail.blog",
    "tags": [
      "Personal site"
    ]
  },
  {
    "title": "pmnxis.github.io",
    "url": "https://pmnxis.github.io",
    "tags": [
      "Personal site"
    ]
  },
  {
    "title": "ciicadalab.github.io",
    "url": "https://ciicadalab.github.io",
    "tags": [
      "Organization site"
    ]
  },
  {
    "title": "georgiancodeclub.github.io",
    "url": "https://georgiancodeclub.github.io",
    "tags": [
      "College club site"
    ]
  },
  {
    "title": "albertolvera.com",
    "url": "https://albertolvera.com",
    "tags": [
      "Personal site"
    ]
  },
  {
    "title": "chris.banes.dev",
    "url": "https://chris.banes.dev",
    "tags": [
      "Personal site"
    ]
  },
  {
    "title": "fahru.my.id",
    "url": "https://www.fahru.my.id",
    "tags": [
      "Personal site"
    ]
  },
  {
    "title": "jeknom.github.io",
    "url": "https://jeknom.github.io",
    "tags": [
      "Personal site"
    ]
  },
  {
    "title": "loisvelasco.is-a.dev",
    "url": "https://loisvelasco.is-a.dev",
    "tags": [
      "Personal site"
    ]
  },
  {
    "title": "omarohn.de",
    "url": "https://omarohn.de",
    "tags": [
      "Personal site"
    ]
  },
  {
    "title": "insidemordecai.com",
    "url": "https://insidemordecai.com",
    "tags": [
      "Personal site"
    ]
  },
  {
    "title": "blastomussa.dev",
    "url": "https://blastomussa.dev",
    "tags": [
      "Personal site"
    ]
  },
  {
    "title": "cdell.io",
    "url": "https://cdell.io",
    "tags": [
      "Personal site"
    ]
  },
  {
    "title": "jam.dsg.li",
    "url": "https://jam.dsg.li",
    "tags": [
      "Organization site"
    ]
  },
  {
    "title": "priyakdey.com",
    "url": "https://priyakdey.com",
    "tags": [
      "Personal site"
    ]
  },
  {
    "title": "sdehm.dev",
    "url": "https://sdehm.dev",
    "tags": [
      "Personal site"
    ]
  },
  {
    "title": "dizzytech.de",
    "url": "https://dizzytech.de",
    "tags": [
      "Personal site"
    ]
  },
  {
    "title": "alejandro-ao.com",
    "url": "https://alejandro-ao.com/",
    "tags": [
      "Personal site"
    ]
  },
  {
    "title": "adir1.com",
    "url": "https://adir1.com/",
    "tags": [
      "Personal site"
    ]
  },
  {
    "title": "niklas-hartmann-dev.de",
    "url": "https://niklas-hartmann-dev.de/",
    "tags": [
      "Personal site"
    ]
  },
  {
    "title": "blog.muffn.io",
    "url": "https://blog.muffn.io/",
    "tags": [
      "Personal site"
    ]
  },
  {
    "title": "nick.bouwhuis.net",
    "url": "https://nick.bouwhuis.net",
    "tags": [
      "Personal site"
    ]
  },
  {
    "title": "vividscc.com",
    "url": "https://vividscc.com/",
    "tags": [
      "Business site"
    ]
  },
  {
    "title": "muhalvin.github.io",
    "url": "https://muhalvin.github.io/",
    "tags": [
      "Personal site"
    ]
  },
  {
    "title": "mariuskimmina.com",
    "url": "https://mariuskimmina.com/",
    "tags": [
      "Personal site"
    ]
  },
  {
    "title": "technicat.com",
    "url": "https://technicat.com/",
    "tags": [
      "Company site"
    ]
  },
  {
    "title": "fugugames.com",
    "url": "https://fugugames.com/",
    "tags": [
      "Games site"
    ]
  },
  {
    "title": "hyperbowl3d.com",
    "url": "https://hyperbowl3d.com/",
    "tags": [
      "Game site"
    ]
  },
  {
    "title": "talkdimsum.com",
    "url": "https://talkdimsum.com/",
    "tags": [
      "App site"
    ]
  },
  {
    "title": "alanctanner.com",
    "url": "https://alanctanner.com/",
    "tags": [
      "Personal site"
    ]
  },
  {
    "title": "rdgo.dev",
    "url": "https://rdgo.dev/",
    "tags": [
      "Personal site"
    ]
  },
  {
    "title": "clemsau.com",
    "url": "https://clemsau.com/",
    "tags": [
      "Personal site"
    ]
  },
  {
    "title": "lelouvincx.github.io",
    "url": "https://lelouvincx.github.io/",
    "tags": [
      "Personal site"
    ]
  },
  {
    "title": "weaxsey.org",
    "url": "https://weaxsey.org/",
    "tags": [
      "Personal site"
    ]
  },
  {
    "title": "nikarashihatsu.github.io",
    "url": "https://nikarashihatsu.github.io/",
    "tags": [
      "Personal site"
    ]
  },
  {
    "title": "blog.enmanuelmoreira.com",
    "url": "https://blog.enmanuelmoreira.com",
    "tags": [
      "Personal site"
    ]
  },
  {
    "title": "halcyonstraits.com",
    "url": "https://www.halcyonstraits.com/",
    "tags": [
      "Doll photography"
    ]
  },
  {
    "title": "50-nuances-octets.fr",
    "url": "https://www.50-nuances-octets.fr/",
    "tags": [
      "Organization site"
    ]
  },
  {
    "title": "marupanda.art/marucomics",
    "url": "https://marupanda.art/marucomics/",
    "tags": [
      "Comics site"
    ]
  },
  {
    "title": "m3upt.com",
    "url": "https://m3upt.com",
    "tags": [
      "Project site"
    ]
  },
  {
    "title": "pacochan.net",
    "url": "https://pacochan.net",
    "tags": [
      "Personal site"
    ]
  },
  {
    "title": "jundimubarok.com",
    "url": "https://jundimubarok.com/",
    "tags": [
      "Personal site"
    ]
  },
  {
    "title": "vkmki001.github.io",
    "url": "https://vkmki001.github.io/",
    "tags": [
      "Personal site"
    ]
  },
  {
    "title": "bbagwang.com",
    "url": "https://bbagwang.com",
    "tags": [
      "Personal site"
    ]
  },
  {
    "title": "jamiemoxon.tech",
    "url": "https://jamiemoxon.tech",
    "tags": [
      "Personal site"
    ]
  },
  {
    "title": "theindiecoder.cloud",
    "url": "https://theindiecoder.cloud",
    "tags": [
      "Personal site"
    ]
  },
  {
    "title": "gma.name",
    "url": "https://gma.name",
    "tags": [
      "Personal site"
    ]
  },
  {
    "title": "mayer.life",
    "url": "https://mayer.life",
    "tags": [
      "Personal site"
    ]
  },
  {
    "title": "scottmckendry.tech",
    "url": "https://scottmckendry.tech",
    "tags": [
      "Personal site"
    ]
  },
  {
    "title": "adilhyz.github.io",
    "url": "https://adilhyz.github.io",
    "tags": [
      "Personal site"
    ]
  },
  {
    "title": "ohdmire.github.io",
    "url": "https://ohdmire.github.io",
    "tags": [
      "Personal site"
    ]
  },
  {
    "title": "ricklan.photography",
    "url": "https://ricklan.photography",
    "tags": [
      "Personal site"
    ]
  },
  {
    "title": "deepumohan.com/tech",
    "url": "https://deepumohan.com/tech/",
    "tags": [
      "Technology Blog"
    ]
  },
  {
    "title": "kylemalloy.com",
    "url": "https://kylemalloy.com",
    "tags": [
      "Personal site"
    ]
  },
  {
    "title": "joush007.github.io",
    "url": "https://joush007.github.io",
    "tags": [
      "Personal Site"
    ]
  },
  {
    "title": "rejowski.xyz",
    "url": "https://rejowski.xyz/",
    "tags": [
      "Personal Site"
    ]
  },
  {
    "title": "v-y-s.com",
    "url": "https://v-y-s.com/",
    "tags": [
      "Personal Site"
    ]
  },
  {
    "title": "blog.stonegarden.dev",
    "url": "https://blog.stonegarden.dev/",
    "tags": [
      "Personal Site"
    ]
  },
  {
    "title": "renaud.warnotte.be",
    "url": "https://renaud.warnotte.be",
    "tags": [
      "Personal site"
    ]
  },
  {
    "title": "BoringTech.net",
    "url": "https://boringtech.net/",
    "tags": [
      "Personal Site",
      "Blog"
    ]
  },
  {
    "title": "technicaldc.github.io",
    "url": "https://technicaldc.github.io/",
    "tags": [
      "Personal Site",
      "Blog"
    ]
  },
  {
    "title": "binarydigit.cafe",
    "url": "https://binarydigit.cafe/",
    "tags": [
      "Personal site"
    ]
  },
  {
    "title": "alxhslm.github.io",
    "url": "https://alxhslm.github.io/",
    "tags": [
      "Personal Site"
    ]
  },
  {
    "title": "the-maze.net",
    "url": "https://www.the-maze.net/",
    "tags": [
      "Personal site",
      "Blog"
    ]
  },
  {
    "title": "datatodroids.tech",
    "url": "https://datatodroids.tech/",
    "tags": [
      "Personal site",
      "Blog"
    ]
  },
  {
    "title": "DXPetti.com",
    "url": "https://www.dxpetti.com/",
    "tags": [
      "Personal site",
      "Blog"
    ]
  },
  {
    "title": "asterisk.lol",
    "url": "https://asterisk.lol",
    "tags": [
      "Blog",
      "Personal Site"
    ]
  },
  {
    "title": "notes.bluesdriveamelia.space",
    "url": "https://notes.bluesdriveamelia.space/",
    "tags": [
      "Blog",
      "Personal site"
    ]
  },
  {
    "title": "ekwska.com",
    "url": "https://ekwska.com",
    "tags": [
      "Personal blog"
    ]
  },
  {
    "title": "todreamr.github.io",
    "url" : "https://todreamr.github.io/",
    "tags":[
       "Personal site"
    ]
  },
  {
    "title": "aakashnand.com",
    "url" : "https://aakashnand.com/",
    "tags":[
       "Personal site"
    ]
  },
  {
    "title": "innerknowing",
    "url": "https://innerknowing.xyz",
    "tags": [
      "Personal site",
      "Modeller"
    ]
  },
  {
    "title": "Mare_Infinitus",
    "url": "https://lab.imgb.space",
    "tags": [
      "Personal Site",
      "Blog"
    ]
  },
    {
    "title": "fwzyrln_",
    "url": "https://fauziralpiandi.github.io",
    "tags": [
      "Personal Homepage",
      "Blog"
    ]
  },
  {
    "title": "karlukle.site",
    "url": "https://karlukle.site",
    "tags": [
      "Personal blog"
    ]
  }
]
