{
    "name": "Nuno Coração",
    "image" : "img/nuno_avatar.jpg",
    "bio": "Theme Creator",
    "social": [
        { "linkedin": "https://linkedin.com/in/nunocoracao" },
        { "twitter": "https://twitter.com/nunocoracao" },
        { "instagram": "https://instagram.com/nunocoracao" },
        { "medium": "https://medium.com/@nunocoracao" },
        { "github": "https://github.com/nunocoracao" },
        { "goodreads": "http://goodreads.com/nunocoracao" },
        { "keybase": "https://keybase.io/nunocoracao" },
        { "reddit": "https://reddit.com/user/nunoheart" }
    ]
}