{
    "name": "Dummy Second Author",
    "image" : "img/author2.png",
    "bio": "Dummy",
    "social": [
        { "linkedin": "https://linkedin.com/in/nunocoracao" },
        { "twitter": "https://twitter.com/nunocoracao" },
        { "instagram": "https://instagram.com/nunocoracao" },
        { "medium": "https://medium.com/@nunocoracao" },
        { "github": "https://github.com/nunocoracao" },
        { "goodreads": "http://goodreads.com/nunocoracao" },
        { "keybase": "https://keybase.io/nunocoracao" },
        { "reddit": "https://reddit.com/user/nunoheart" }
    ]
}